{"name":"d4c57bbd-4b3b-4026-bcb6-bf37f48b5d47","id":"/providers/Microsoft.Flow/flows/d4c57bbd-4b3b-4026-bcb6-bf37f48b5d47","type":"Microsoft.Flow/flows","properties":{"apiId":"/providers/Microsoft.PowerApps/apis/shared_logicflows","displayName":"Backup1Flow","definition":{"metadata":{"workflowEntityId":null,"processAdvisorMetadata":null,"flowclientsuspensionreason":"None","flowclientsuspensiontime":null,"flowclientsuspensionreasondetails":null,"creator":{"id":"424db653-49a7-4569-a71b-4880f817ce8d","type":"User","tenantId":"c0ded287-b4f3-49eb-b119-bffec1e394a3"},"provisioningMethod":"FromDefinition","failureAlertSubscription":true,"clientLastModifiedTime":"2022-08-28T20:26:24.8494994Z"},"$schema":"https://schema.management.azure.com/providers/Microsoft.Logic/schemas/2016-06-01/workflowdefinition.json#","contentVersion":"1.0.0.0","parameters":{"$connections":{"defaultValue":{},"type":"Object"},"$authentication":{"defaultValue":{},"type":"SecureObject"}},"triggers":{"manual":{"metadata":{"operationMetadataId":"8e7b61fa-3506-408a-882d-234b11e51d0a"},"type":"Request","kind":"Button","inputs":{"schema":{"type":"object","properties":{},"required":[]}}}},"actions":{"ComposeFlowDefinition":{"runAfter":{"GetFlow":["Succeeded"]},"metadata":{"operationMetadataId":"90362752-5940-497c-8cec-2a042439cca0"},"type":"Compose","inputs":"@outputs('GetFlow')?['body/properties/definition']"},"ComposeConnectionReferences":{"runAfter":{"ComposeFlowDefinition":["Succeeded"]},"metadata":{"operationMetadataId":"267ec15e-23fa-484e-9263-a4dc20f768dd"},"type":"Compose","inputs":"@outputs('GetFlow')?['body/properties/connectionReferences']"},"CreateFileFlowDefinition":{"runAfter":{"ComposeConnectionReferences":["Succeeded"]},"metadata":{"operationMetadataId":"72a2e893-0940-450b-93ea-740b168e8d6e"},"type":"OpenApiConnection","inputs":{"host":{"apiId":"/providers/Microsoft.PowerApps/apis/shared_sharepointonline","connectionName":"shared_sharepointonline","operationId":"CreateFile"},"parameters":{"dataset":"https://m365x43278170.sharepoint.com","folderPath":"/Shared Documents/Flows","name":"@{outputs('GetFlow')?['body/properties/displayName']}-Definition.json","body":"@outputs('ComposeFlowDefinition')"},"authentication":"@parameters('$authentication')"},"runtimeConfiguration":{"contentTransfer":{"transferMode":"Chunked"}}},"CreateFileFlowConnections":{"runAfter":{"CreateFileFlowDefinition":["Succeeded"]},"metadata":{"operationMetadataId":"78f8590c-4d77-41c7-ba58-b82e16eb4b69"},"type":"OpenApiConnection","inputs":{"host":{"apiId":"/providers/Microsoft.PowerApps/apis/shared_sharepointonline","connectionName":"shared_sharepointonline","operationId":"CreateFile"},"parameters":{"dataset":"https://m365x43278170.sharepoint.com","folderPath":"/Shared Documents/Flows","name":"@{outputs('GetFlow')?['body/properties/displayName']}-Connections.txt","body":"@outputs('ComposeConnectionReferences')"},"authentication":"@parameters('$authentication')"},"runtimeConfiguration":{"contentTransfer":{"transferMode":"Chunked"}}},"InitFlowname":{"runAfter":{},"metadata":{"operationMetadataId":"61cf8ba5-f351-4ed8-af09-bcaed7ceaccd"},"type":"InitializeVariable","inputs":{"variables":[{"name":"flowname","type":"string","value":"enter-flow-id"}]}},"GetFlow":{"runAfter":{"InitFlowname":["Succeeded"]},"metadata":{"operationMetadataId":"60de97da-e543-4f78-ba21-56c07f48d14e"},"type":"OpenApiConnection","inputs":{"host":{"apiId":"/providers/Microsoft.PowerApps/apis/shared_flowmanagement","connectionName":"shared_flowmanagement","operationId":"GetFlow"},"parameters":{"environmentName":"Default-c0ded287-b4f3-49eb-b119-bffec1e394a3","flowName":"@variables('flowname')"},"authentication":"@parameters('$authentication')"}}},"outputs":{}},"connectionReferences":{"shared_sharepointonline":{"connectionName":"45d537ff5bda43e286bda66af147de22","source":"Embedded","id":"/providers/Microsoft.PowerApps/apis/shared_sharepointonline","tier":"NotSpecified"},"shared_flowmanagement":{"connectionName":"6cb3eec5eed74e0a84c1720df115fffe","source":"Embedded","id":"/providers/Microsoft.PowerApps/apis/shared_flowmanagement","tier":"NotSpecified"}},"flowFailureAlertSubscribed":false,"isManaged":false}}