{"name":"d564e1fa-c7e9-4439-941f-203e6627a409","id":"/providers/Microsoft.Flow/flows/d564e1fa-c7e9-4439-941f-203e6627a409","type":"Microsoft.Flow/flows","properties":{"apiId":"/providers/Microsoft.PowerApps/apis/shared_logicflows","displayName":"Restore1Flow","definition":{"metadata":{"workflowEntityId":null,"processAdvisorMetadata":null,"flowclientsuspensionreason":"None","flowclientsuspensiontime":null,"flowclientsuspensionreasondetails":null,"creator":{"id":"424db653-49a7-4569-a71b-4880f817ce8d","type":"User","tenantId":"c0ded287-b4f3-49eb-b119-bffec1e394a3"},"provisioningMethod":"FromDefinition","failureAlertSubscription":true,"clientLastModifiedTime":"2022-08-28T20:29:13.3027281Z"},"$schema":"https://schema.management.azure.com/providers/Microsoft.Logic/schemas/2016-06-01/workflowdefinition.json#","contentVersion":"1.0.0.0","parameters":{"$connections":{"defaultValue":{},"type":"Object"},"$authentication":{"defaultValue":{},"type":"SecureObject"}},"triggers":{"manual":{"metadata":{"operationMetadataId":"7fb92b26-2aaa-4fe2-99e1-ee27ee7b5c6f"},"type":"Request","kind":"Button","inputs":{"schema":{"type":"object","properties":{},"required":[]}}}},"actions":{"Create_Flow":{"runAfter":{"Select":["Succeeded"]},"metadata":{"operationMetadataId":"a7900866-3420-464b-a9e1-1be9c4dd0071"},"type":"OpenApiConnection","inputs":{"host":{"apiId":"/providers/Microsoft.PowerApps/apis/shared_flowmanagement","connectionName":"shared_flowmanagement","operationId":"CreateFlow"},"parameters":{"environmentName":"Default-c0ded287-b4f3-49eb-b119-bffec1e394a3","Flow/properties/displayName":"Restored-@{variables('flowname')}","Flow/properties/definition":"@json(outputs('GetFileContentFlowDefinition')?['body'])","Flow/properties/state":"Stopped","Flow/properties/connectionReferences":"@body('Select')"},"authentication":{"value":"@json(decodeBase64(triggerOutputs().headers['X-MS-APIM-Tokens']))['$ConnectionKey']","type":"Raw"}}},"intiflowname":{"runAfter":{},"metadata":{"operationMetadataId":"142f0fe1-c2bc-4632-bbff-8f1d838ba580"},"type":"InitializeVariable","inputs":{"variables":[{"name":"flowname","type":"string","value":"name-of-the-flow"}]}},"GetFileContentFlowConnections":{"runAfter":{"GetFileContentFlowDefinition":["Succeeded"]},"metadata":{"operationMetadataId":"cbd720c1-5922-4dcf-a319-816056b21083"},"type":"OpenApiConnection","inputs":{"host":{"apiId":"/providers/Microsoft.PowerApps/apis/shared_sharepointonline","connectionName":"shared_sharepointonline","operationId":"GetFileContentByPath"},"parameters":{"dataset":"https://m365x43278170.sharepoint.com","path":"/Shared Documents/Flows/@{variables('flowname')}-Connections.txt","inferContentType":true},"authentication":{"value":"@json(decodeBase64(triggerOutputs().headers['X-MS-APIM-Tokens']))['$ConnectionKey']","type":"Raw"}}},"GetFileContentFlowDefinition":{"runAfter":{"intiflowname":["Succeeded"]},"metadata":{"operationMetadataId":"695a376f-99e9-4008-becb-afc578802a3a"},"type":"OpenApiConnection","inputs":{"host":{"apiId":"/providers/Microsoft.PowerApps/apis/shared_sharepointonline","connectionName":"shared_sharepointonline","operationId":"GetFileContentByPath"},"parameters":{"dataset":"https://m365x43278170.sharepoint.com","path":"/Shared Documents/Flows/@{variables('flowname')}-Definition.json","inferContentType":false},"authentication":{"value":"@json(decodeBase64(triggerOutputs().headers['X-MS-APIM-Tokens']))['$ConnectionKey']","type":"Raw"}}},"Select":{"runAfter":{"ParseJSON":["Succeeded"]},"metadata":{"operationMetadataId":"04b3dcf0-e8e9-4740-8b95-13a7ef94f96b"},"type":"Select","inputs":{"from":"@body('ParseJSON')","select":{"connectionName":"@item()?['connectionName']","id":"@item()?['id']"}}},"ParseJSON":{"runAfter":{"GetFileContentFlowConnections":["Succeeded"]},"metadata":{"operationMetadataId":"ab1f9aa0-4ea6-44ad-9a83-cf5a58e21f31"},"type":"ParseJson","inputs":{"content":"@body('GetFileContentFlowConnections')","schema":{"type":"array","items":{"type":"object","properties":{"connectionName":{"type":"string"},"displayName":{"type":"string"},"id":{"type":"string"}},"required":["connectionName","displayName","id"]}}}}}},"connectionReferences":{"shared_flowmanagement":{"connectionName":"6cb3eec5eed74e0a84c1720df115fffe","source":"Invoker","id":"/providers/Microsoft.PowerApps/apis/shared_flowmanagement","tier":"NotSpecified"},"shared_sharepointonline":{"connectionName":"45d537ff5bda43e286bda66af147de22","source":"Invoker","id":"/providers/Microsoft.PowerApps/apis/shared_sharepointonline","tier":"NotSpecified"}},"flowFailureAlertSubscribed":false,"isManaged":false}}